UserID,Model,Saliency,Quality Level,Rating
P1,soldier,center,L1,2
P1,longdress,center,L3,3
P1,redandblack,face,L3,5
P1,soldier,center,L2,3
P1,loot,face,L1,3
P1,loot,face,L2,4
P1,soldier,face,L4,5
P1,redandblack,center,L3,3
P1,soldier,face,L3,4
P1,redandblack,center,L1,2
P1,soldier,center,L4,4
P1,longdress,center,L4,3
P1,loot,center,L4,5
P1,loot,face,L3,5
P1,redandblack,face,L2,4
P1,redandblack,center,L2,3
P1,redandblack,face,L4,5
P1,longdress,face,L3,4
P1,redandblack,face,L1,3
P1,longdress,face,L1,2
P1,soldier,face,L2,3
P1,longdress,face,L4,4
P1,loot,center,L2,3
P1,soldier,face,L1,2
P1,longdress,face,L2,3
P1,soldier,center,L3,3
P1,loot,center,L3,4
P1,loot,face,L4,5
P1,redandblack,center,L4,5
P1,longdress,center,L2,2
P1,loot,center,L1,1
P1,longdress,center,L1,2
P2,longdress,center,L4,4
P2,longdress,face,L4,4
P2,soldier,center,L1,1
P2,longdress,center,L3,3
P2,loot,face,L4,5
P2,redandblack,face,L1,2
P2,soldier,face,L4,5
P2,redandblack,face,L4,5
P2,redandblack,center,L3,3
P2,loot,center,L3,4
P2,redandblack,center,L2,2
P2,longdress,center,L2,2
P2,soldier,face,L3,3
P2,loot,center,L4,5
P2,redandblack,center,L4,4
P2,soldier,face,L1,1
P2,longdress,center,L1,1
P2,soldier,face,L2,2
P2,redandblack,face,L2,2
P2,longdress,face,L2,2
P2,soldier,center,L3,3
P2,loot,face,L3,5
P2,soldier,center,L2,1
P2,longdress,face,L1,1
P2,loot,face,L1,1
P2,loot,center,L2,2
P2,redandblack,center,L1,1
P2,loot,center,L1,1
P2,longdress,face,L3,5
P2,soldier,center,L4,5
P2,redandblack,face,L3,5
P2,loot,face,L2,2
P3,redandblack,center,L4,4
P3,longdress,face,L4,3
P3,longdress,face,L2,4
P3,soldier,center,L2,2
P3,soldier,center,L1,1
P3,loot,face,L3,2
P3,soldier,center,L3,2
P3,longdress,center,L3,3
P3,loot,center,L4,3
P3,longdress,center,L1,1
P3,loot,face,L2,4
P3,redandblack,face,L2,4
P3,longdress,face,L3,5
P3,redandblack,face,L4,5
P3,soldier,face,L3,4
P3,longdress,center,L4,5
P3,redandblack,center,L1,1
P3,loot,face,L4,5
P3,loot,center,L3,2
P3,redandblack,face,L3,5
P3,longdress,face,L1,4
P3,soldier,face,L2,3
P3,redandblack,face,L1,4
P3,soldier,center,L4,4
P3,longdress,center,L2,1
P3,loot,face,L1,2
P3,redandblack,center,L2,4
P3,soldier,face,L1,2
P3,loot,center,L2,2
P3,redandblack,center,L3,4
P3,loot,center,L1,1
P3,soldier,face,L4,5
P4,redandblack,center,L4,4
P4,redandblack,center,L3,4
P4,loot,face,L3,5
P4,soldier,center,L2,1
P4,redandblack,face,L2,3
P4,soldier,face,L4,5
P4,longdress,center,L4,2
P4,loot,face,L2,2
P4,soldier,face,L3,4
P4,soldier,face,L2,2
P4,longdress,center,L2,1
P4,redandblack,face,L4,4
P4,loot,center,L1,1
P4,soldier,center,L1,1
P4,longdress,center,L1,1
P4,loot,center,L3,3
P4,longdress,face,L2,3
P4,longdress,face,L3,4
P4,redandblack,center,L2,2
P4,loot,face,L1,1
P4,soldier,center,L3,3
P4,loot,face,L4,4
P4,soldier,center,L4,4
P4,redandblack,center,L1,1
P4,loot,center,L2,2
P4,redandblack,face,L3,4
P4,soldier,face,L1,2
P4,longdress,face,L1,2
P4,redandblack,face,L1,3
P4,longdress,face,L4,5
P4,loot,center,L4,4
P4,longdress,center,L3,4
P5,soldier,face,L3,4
P5,loot,center,L3,3
P5,redandblack,face,L3,4
P5,soldier,center,L2,2
P5,loot,face,L2,3
P5,soldier,face,L1,1
P5,longdress,center,L2,2
P5,longdress,center,L4,4
P5,redandblack,face,L2,4
P5,longdress,center,L3,3
P5,loot,face,L1,2
P5,longdress,face,L4,5
P5,soldier,center,L1,1
P5,loot,face,L3,4
P5,soldier,face,L2,3
P5,redandblack,face,L1,2
P5,longdress,face,L3,4
P5,soldier,face,L4,4
P5,longdress,center,L1,1
P5,redandblack,center,L3,4
P5,loot,center,L1,1
P5,redandblack,center,L4,4
P5,loot,face,L4,5
P5,redandblack,center,L1,1
P5,loot,center,L2,2
P5,loot,center,L4,4
P5,longdress,face,L2,3
P5,redandblack,face,L4,4
P5,soldier,center,L3,3
P5,soldier,center,L4,4
P5,redandblack,center,L2,2
P5,longdress,face,L1,2
P6,redandblack,face,L1,4
P6,loot,face,L1,2
P6,longdress,face,L2,3
P6,loot,center,L2,3
P6,longdress,face,L3,4
P6,redandblack,face,L3,5
P6,soldier,face,L1,1
P6,longdress,center,L3,2
P6,soldier,face,L3,3
P6,loot,center,L1,1
P6,longdress,face,L1,2
P6,loot,face,L3,3
P6,longdress,center,L4,4
P6,soldier,face,L4,3
P6,redandblack,face,L2,2
P6,redandblack,center,L4,3
P6,soldier,center,L1,1
P6,loot,face,L4,5
P6,soldier,center,L2,2
P6,redandblack,center,L3,3
P6,soldier,face,L2,2
P6,soldier,center,L3,3
P6,longdress,face,L4,3
P6,loot,center,L3,3
P6,longdress,center,L1,1
P6,soldier,center,L4,3
P6,longdress,center,L2,2
P6,redandblack,face,L4,5
P6,redandblack,center,L1,1
P6,loot,face,L2,2
P6,redandblack,center,L2,2
P6,loot,center,L4,4
P7,longdress,face,L4,5
P7,soldier,center,L4,2
P7,redandblack,center,L1,1
P7,soldier,face,L2,3
P7,longdress,center,L2,1
P7,redandblack,face,L1,2
P7,loot,center,L2,3
P7,loot,center,L1,1
P7,longdress,center,L3,3
P7,loot,center,L4,5
P7,longdress,face,L1,2
P7,loot,center,L3,4
P7,longdress,center,L1,1
P7,soldier,face,L4,5
P7,loot,face,L2,3
P7,redandblack,center,L3,4
P7,soldier,center,L1,1
P7,soldier,face,L1,2
P7,redandblack,center,L2,3
P7,longdress,center,L4,4
P7,soldier,center,L3,3
P7,redandblack,face,L2,3
P7,soldier,center,L2,2
P7,loot,face,L3,4
P7,longdress,face,L3,4
P7,loot,face,L4,5
P7,redandblack,face,L3,4
P7,loot,face,L1,2
P7,soldier,face,L3,4
P7,redandblack,center,L4,4
P7,redandblack,face,L4,5
P7,longdress,face,L2,4
P8,longdress,face,L3,4
P8,soldier,face,L4,5
P8,longdress,face,L2,5
P8,soldier,center,L3,3
P8,loot,center,L1,2
P8,redandblack,face,L4,3
P8,loot,face,L4,4
P8,redandblack,face,L2,3
P8,longdress,center,L4,4
P8,loot,center,L2,2
P8,soldier,center,L2,1
P8,loot,center,L4,3
P8,loot,center,L3,3
P8,redandblack,face,L3,3
P8,soldier,center,L4,4
P8,soldier,face,L1,2
P8,redandblack,center,L3,2
P8,longdress,center,L2,2
P8,soldier,face,L3,3
P8,redandblack,center,L1,1
P8,longdress,face,L4,3
P8,soldier,face,L2,2
P8,redandblack,face,L1,2
P8,longdress,center,L1,1
P8,loot,face,L2,3
P8,loot,face,L3,5
P8,redandblack,center,L4,5
P8,longdress,center,L3,3
P8,soldier,center,L1,1
P8,longdress,face,L1,2
P8,redandblack,center,L2,2
P8,loot,face,L1,2
P9,soldier,center,L4,4
P9,longdress,face,L4,5
P9,soldier,face,L3,4
P9,redandblack,center,L2,3
P9,longdress,face,L2,3
P9,redandblack,center,L4,3
P9,loot,face,L3,4
P9,soldier,face,L1,2
P9,redandblack,face,L3,2
P9,longdress,face,L1,2
P9,redandblack,face,L2,2
P9,redandblack,face,L4,3
P9,loot,face,L2,2
P9,longdress,center,L2,2
P9,longdress,face,L3,3
P9,soldier,center,L1,1
P9,loot,center,L4,4
P9,redandblack,face,L1,2
P9,longdress,center,L1,1
P9,soldier,center,L3,2
P9,loot,center,L1,1
P9,loot,face,L4,4
P9,longdress,center,L4,3
P9,soldier,face,L2,3
P9,loot,center,L2,2
P9,soldier,face,L4,4
P9,redandblack,center,L3,3
P9,longdress,center,L3,3
P9,loot,center,L3,4
P9,loot,face,L1,2
P9,soldier,center,L2,1
P9,redandblack,center,L1,1
P10,redandblack,face,L3,3
P10,loot,face,L4,5
P10,longdress,face,L2,3
P10,redandblack,face,L1,2
P10,longdress,face,L4,3
P10,loot,center,L2,2
P10,soldier,center,L1,1
P10,loot,center,L3,4
P10,longdress,center,L2,2
P10,loot,face,L3,5
P10,redandblack,center,L4,4
P10,soldier,center,L3,3
P10,soldier,face,L2,2
P10,redandblack,center,L1,1
P10,soldier,face,L4,4
P10,redandblack,face,L4,5
P10,loot,face,L2,3
P10,soldier,face,L3,3
P10,longdress,center,L1,1
P10,redandblack,center,L3,4
P10,redandblack,face,L2,3
P10,loot,face,L1,2
P10,soldier,face,L1,2
P10,longdress,center,L4,4
P10,redandblack,center,L2,3
P10,loot,center,L4,5
P10,longdress,face,L3,3
P10,soldier,center,L4,4
P10,longdress,center,L3,3
P10,loot,center,L1,1
P10,longdress,face,L1,1
P10,soldier,center,L2,2
P11,redandblack,face,L4,5
P11,soldier,center,L2,1
P11,redandblack,center,L2,2
P11,longdress,face,L4,4
P11,soldier,center,L3,1
P11,loot,center,L2,1
P11,longdress,face,L2,2
P11,loot,face,L4,5
P11,soldier,center,L4,4
P11,loot,face,L2,2
P11,longdress,face,L3,4
P11,longdress,center,L3,2
P11,redandblack,face,L1,1
P11,soldier,face,L3,3
P11,redandblack,center,L4,5
P11,loot,center,L1,1
P11,redandblack,face,L2,3
P11,soldier,center,L1,1
P11,loot,center,L4,5
P11,redandblack,center,L3,3
P11,redandblack,face,L3,4
P11,loot,face,L3,4
P11,loot,center,L3,3
P11,redandblack,center,L1,1
P11,loot,face,L1,1
P11,longdress,face,L1,1
P11,soldier,face,L1,1
P11,longdress,center,L1,1
P11,soldier,face,L4,4
P11,soldier,face,L2,3
P11,longdress,center,L4,3
P11,longdress,center,L2,2
P12,soldier,center,L3,4
P12,soldier,face,L4,5
P12,redandblack,center,L3,4
P12,loot,face,L4,5
P12,soldier,face,L2,3
P12,redandblack,center,L1,2
P12,soldier,face,L1,2
P12,loot,center,L4,5
P12,longdress,center,L2,2
P12,loot,center,L3,5
P12,longdress,center,L1,1
P12,redandblack,face,L1,3
P12,loot,face,L1,2
P12,redandblack,face,L4,5
P12,soldier,center,L1,1
P12,redandblack,center,L4,5
P12,loot,center,L1,1
P12,soldier,center,L2,2
P12,longdress,face,L3,4
P12,redandblack,center,L2,3
P12,longdress,center,L3,3
P12,redandblack,face,L3,5
P12,soldier,face,L3,5
P12,longdress,face,L1,2
P12,soldier,center,L4,4
P12,longdress,face,L2,4
P12,loot,face,L2,4
P12,longdress,center,L4,4
P12,redandblack,face,L2,4
P12,loot,face,L3,5
P12,loot,center,L2,2
P12,longdress,face,L4,5
P13,soldier,face,L3,4
P13,redandblack,center,L1,3
P13,soldier,face,L4,4
P13,longdress,face,L4,5
P13,redandblack,face,L3,4
P13,soldier,face,L2,3
P13,longdress,face,L1,2
P13,loot,face,L1,3
P13,redandblack,center,L3,4
P13,longdress,face,L2,3
P13,redandblack,center,L4,4
P13,loot,center,L4,4
P13,loot,face,L2,3
P13,longdress,face,L3,4
P13,soldier,center,L3,3
P13,redandblack,face,L2,4
P13,longdress,center,L1,1
P13,longdress,center,L4,3
P13,redandblack,face,L4,4
P13,loot,center,L3,4
P13,redandblack,face,L1,3
P13,soldier,face,L1,1
P13,loot,center,L1,1
P13,soldier,center,L4,3
P13,longdress,center,L3,3
P13,soldier,center,L1,1
P13,loot,center,L2,2
P13,soldier,center,L2,2
P13,loot,face,L3,4
P13,longdress,center,L2,2
P13,redandblack,center,L2,2
P13,loot,face,L4,5
P14,loot,center,L2,2
P14,loot,center,L1,1
P14,loot,center,L4,5
P14,redandblack,face,L3,4
P14,redandblack,face,L4,5
P14,longdress,face,L4,4
P14,redandblack,center,L2,3
P14,soldier,face,L3,3
P14,soldier,center,L3,2
P14,longdress,center,L4,2
P14,redandblack,face,L2,2
P14,longdress,face,L1,1
P14,loot,face,L4,5
P14,soldier,center,L2,1
P14,redandblack,center,L1,1
P14,longdress,face,L2,2
P14,redandblack,face,L1,2
P14,loot,face,L3,5
P14,soldier,center,L1,1
P14,longdress,center,L2,1
P14,soldier,face,L4,4
P14,soldier,face,L2,2
P14,redandblack,center,L3,3
P14,soldier,center,L4,3
P14,redandblack,center,L4,4
P14,loot,face,L1,2
P14,soldier,face,L1,1
P14,longdress,center,L1,1
P14,loot,center,L3,3
P14,longdress,face,L3,4
P14,longdress,center,L3,2
P14,loot,face,L2,3
P15,soldier,center,L3,2
P15,soldier,face,L1,1
P15,redandblack,center,L1,1
P15,longdress,face,L4,4
P15,soldier,face,L3,4
P15,longdress,face,L1,2
P15,loot,face,L3,5
P15,loot,face,L1,2
P15,redandblack,face,L1,2
P15,loot,center,L1,1
P15,soldier,face,L4,4
P15,redandblack,center,L2,3
P15,loot,face,L2,4
P15,soldier,face,L2,3
P15,longdress,center,L1,1
P15,redandblack,face,L4,5
P15,soldier,center,L1,1
P15,redandblack,center,L3,3
P15,longdress,face,L3,4
P15,loot,face,L4,5
P15,soldier,center,L4,4
P15,redandblack,face,L2,3
P15,longdress,center,L3,3
P15,redandblack,face,L3,4
P15,longdress,center,L4,2
P15,soldier,center,L2,2
P15,longdress,face,L2,2
P15,redandblack,center,L4,3
P15,loot,center,L3,4
P15,loot,center,L2,2
P15,longdress,center,L2,1
P15,loot,center,L4,4
P16,soldier,center,L3,3
P16,loot,center,L3,4
P16,redandblack,center,L3,4
P16,redandblack,center,L2,2
P16,soldier,face,L1,1
P16,longdress,center,L1,1
P16,loot,center,L4,4
P16,redandblack,face,L1,3
P16,longdress,face,L1,2
P16,redandblack,face,L3,5
P16,soldier,center,L1,1
P16,loot,face,L3,4
P16,redandblack,center,L1,1
P16,longdress,face,L3,4
P16,soldier,center,L2,2
P16,longdress,center,L2,2
P16,longdress,center,L4,4
P16,longdress,face,L2,4
P16,loot,face,L1,1
P16,redandblack,face,L4,5
P16,redandblack,face,L2,4
P16,loot,center,L2,2
P16,longdress,center,L3,3
P16,soldier,face,L2,3
P16,redandblack,center,L4,4
P16,soldier,face,L3,4
P16,soldier,face,L4,5
P16,loot,face,L4,5
P16,loot,center,L1,1
P16,soldier,center,L4,3
P16,longdress,face,L4,4
P16,loot,face,L2,3
P17,loot,center,L4,5
P17,longdress,center,L4,5
P17,soldier,center,L3,4
P17,longdress,face,L1,4
P17,soldier,face,L1,1
P17,longdress,center,L3,3
P17,redandblack,face,L3,5
P17,loot,center,L3,5
P17,longdress,face,L4,5
P17,redandblack,face,L1,2
P17,soldier,face,L2,4
P17,redandblack,center,L1,2
P17,loot,face,L2,5
P17,redandblack,face,L2,4
P17,loot,face,L1,1
P17,longdress,center,L1,1
P17,loot,center,L1,1
P17,soldier,face,L3,5
P17,redandblack,center,L4,4
P17,longdress,face,L3,5
P17,soldier,center,L1,1
P17,loot,face,L4,5
P17,soldier,center,L4,4
P17,redandblack,face,L4,4
P17,redandblack,center,L3,4
P17,soldier,face,L4,4
P17,longdress,face,L2,5
P17,longdress,center,L2,3
P17,loot,face,L3,4
P17,soldier,center,L2,3
P17,redandblack,center,L2,3
P17,loot,center,L2,3
P18,loot,face,L4,5
P18,longdress,center,L4,4
P18,redandblack,face,L4,4
P18,longdress,face,L4,5
P18,soldier,center,L2,2
P18,soldier,center,L3,3
P18,longdress,center,L2,2
P18,redandblack,center,L3,4
P18,longdress,center,L1,2
P18,redandblack,center,L2,3
P18,soldier,face,L4,5
P18,redandblack,center,L4,5
P18,redandblack,face,L2,3
P18,soldier,face,L3,4
P18,soldier,center,L4,3
P18,loot,center,L1,1
P18,soldier,center,L1,1
P18,redandblack,center,L1,2
P18,longdress,face,L1,2
P18,loot,face,L3,4
P18,longdress,center,L3,4
P18,soldier,face,L2,3
P18,loot,face,L1,2
P18,soldier,face,L1,2
P18,longdress,face,L2,3
P18,redandblack,face,L1,3
P18,loot,center,L2,3
P18,longdress,face,L3,4
P18,loot,center,L4,5
P18,loot,center,L3,4
P18,redandblack,face,L3,5
P18,loot,face,L2,3
P19,soldier,face,L2,4
P19,redandblack,center,L3,5
P19,soldier,face,L1,3
P19,longdress,face,L1,3
P19,redandblack,center,L2,3
P19,soldier,center,L1,2
P19,loot,center,L4,4
P19,loot,center,L3,4
P19,longdress,center,L1,1
P19,loot,face,L4,5
P19,soldier,face,L4,5
P19,loot,center,L2,3
P19,longdress,center,L3,3
P19,soldier,center,L4,4
P19,redandblack,face,L3,5
P19,loot,center,L1,2
P19,longdress,face,L4,5
P19,redandblack,center,L1,1
P19,soldier,center,L3,4
P19,longdress,center,L2,3
P19,soldier,center,L2,1
P19,redandblack,face,L4,5
P19,loot,face,L3,5
P19,redandblack,center,L4,5
P19,longdress,face,L2,4
P19,redandblack,face,L1,3
P19,loot,face,L1,3
P19,longdress,center,L4,3
P19,soldier,face,L3,4
P19,redandblack,face,L2,3
P19,longdress,face,L3,4
P19,loot,face,L2,4
P20,loot,face,L3,4
P20,loot,face,L4,4
P20,redandblack,face,L4,5
P20,loot,face,L1,2
P20,longdress,face,L4,3
P20,soldier,face,L4,4
P20,redandblack,center,L1,1
P20,soldier,face,L3,4
P20,longdress,face,L1,1
P20,redandblack,center,L2,2
P20,soldier,face,L2,3
P20,longdress,center,L1,1
P20,loot,center,L4,4
P20,longdress,center,L2,2
P20,soldier,center,L1,1
P20,redandblack,face,L3,4
P20,longdress,face,L3,5
P20,loot,center,L1,1
P20,redandblack,face,L2,3
P20,loot,center,L3,3
P20,longdress,center,L4,3
P20,soldier,center,L3,2
P20,loot,center,L2,2
P20,redandblack,center,L3,3
P20,soldier,face,L1,2
P20,soldier,center,L4,4
P20,longdress,center,L3,2
P20,longdress,face,L2,3
P20,loot,face,L2,2
P20,soldier,center,L2,2
P20,redandblack,center,L4,5
P20,redandblack,face,L1,2
P21,longdress,center,L2,3
P21,soldier,center,L3,4
P21,longdress,center,L3,4
P21,loot,face,L1,3
P21,redandblack,face,L2,4
P21,longdress,face,L4,4
P21,redandblack,center,L3,4
P21,redandblack,face,L3,4
P21,longdress,face,L2,3
P21,soldier,face,L2,3
P21,longdress,center,L1,2
P21,soldier,center,L4,4
P21,longdress,center,L4,4
P21,loot,center,L2,3
P21,redandblack,center,L2,3
P21,longdress,face,L3,4
P21,loot,face,L4,5
P21,loot,face,L2,3
P21,longdress,face,L1,2
P21,soldier,face,L1,3
P21,soldier,face,L4,4
P21,redandblack,center,L4,5
P21,loot,center,L4,5
P21,loot,face,L3,4
P21,redandblack,face,L1,2
P21,loot,center,L1,1
P21,soldier,center,L1,2
P21,loot,center,L3,4
P21,soldier,center,L2,3
P21,redandblack,center,L1,2
P21,soldier,face,L3,3
P21,redandblack,face,L4,5
P22,longdress,face,L3,4
P22,redandblack,center,L3,3
P22,longdress,center,L2,2
P22,longdress,center,L1,1
P22,soldier,center,L3,4
P22,loot,center,L3,4
P22,longdress,center,L4,5
P22,soldier,face,L4,5
P22,redandblack,face,L1,4
P22,soldier,face,L2,4
P22,loot,face,L3,5
P22,redandblack,face,L4,5
P22,soldier,face,L3,4
P22,redandblack,face,L3,5
P22,loot,center,L1,1
P22,loot,face,L4,5
P22,redandblack,center,L4,5
P22,loot,center,L4,4
P22,longdress,face,L1,1
P22,redandblack,face,L2,3
P22,loot,center,L2,3
P22,soldier,center,L2,2
P22,longdress,face,L4,4
P22,soldier,face,L1,1
P22,soldier,center,L4,4
P22,longdress,center,L3,3
P22,loot,face,L1,2
P22,redandblack,center,L2,3
P22,soldier,center,L1,1
P22,redandblack,center,L1,2
P22,loot,face,L2,5
P22,longdress,face,L2,4
P23,longdress,center,L2,2
P23,loot,face,L2,3
P23,redandblack,center,L2,3
P23,longdress,center,L4,2
P23,soldier,face,L2,2
P23,loot,center,L3,4
P23,soldier,face,L3,4
P23,soldier,center,L1,1
P23,longdress,face,L4,3
P23,soldier,center,L4,3
P23,redandblack,face,L4,4
P23,loot,center,L2,2
P23,redandblack,face,L1,1
P23,loot,face,L1,1
P23,soldier,center,L3,3
P23,loot,face,L4,5
P23,longdress,face,L1,1
P23,redandblack,face,L2,2
P23,redandblack,center,L3,3
P23,longdress,face,L2,2
P23,longdress,center,L1,1
P23,redandblack,center,L1,1
P23,loot,center,L4,5
P23,redandblack,center,L4,5
P23,soldier,face,L1,2
P23,redandblack,face,L3,4
P23,loot,center,L1,1
P23,loot,face,L3,5
P23,longdress,face,L3,4
P23,soldier,face,L4,4
P23,longdress,center,L3,3
P23,soldier,center,L2,2
P24,loot,face,L4,5
P24,longdress,face,L2,3
P24,soldier,center,L4,4
P24,redandblack,center,L1,3
P24,loot,face,L1,3
P24,redandblack,center,L4,4
P24,redandblack,face,L2,4
P24,loot,face,L3,4
P24,longdress,center,L1,2
P24,loot,face,L2,3
P24,longdress,face,L1,3
P24,soldier,face,L3,4
P24,redandblack,center,L2,4
P24,longdress,face,L4,4
P24,soldier,center,L3,4
P24,redandblack,face,L3,5
P24,loot,center,L4,5
P24,longdress,center,L2,2
P24,soldier,center,L1,1
P24,soldier,face,L2,2
P24,soldier,center,L2,2
P24,soldier,face,L1,1
P24,redandblack,face,L1,2
P24,longdress,center,L4,3
P24,redandblack,face,L4,5
P24,loot,center,L3,4
P24,loot,center,L1,1
P24,soldier,face,L4,5
P24,longdress,center,L3,3
P24,redandblack,center,L3,4
P24,loot,center,L2,3
P24,longdress,face,L3,4
P25,soldier,face,L4,3
P25,loot,face,L3,4
P25,loot,face,L2,3
P25,soldier,face,L3,3
P25,longdress,face,L3,4
P25,soldier,center,L1,1
P25,redandblack,center,L2,3
P25,longdress,center,L1,1
P25,redandblack,face,L1,4
P25,loot,center,L1,1
P25,redandblack,center,L1,2
P25,longdress,face,L2,3
P25,soldier,center,L3,2
P25,redandblack,center,L4,5
P25,longdress,face,L4,4
P25,redandblack,center,L3,4
P25,loot,center,L4,5
P25,longdress,center,L4,4
P25,longdress,center,L3,3
P25,soldier,face,L2,2
P25,loot,center,L2,2
P25,redandblack,face,L4,4
P25,soldier,center,L2,1
P25,longdress,center,L2,2
P25,loot,center,L3,2
P25,redandblack,face,L2,4
P25,longdress,face,L1,2
P25,soldier,face,L1,2
P25,redandblack,face,L3,4
P25,loot,face,L1,1
P25,loot,face,L4,5
P25,soldier,center,L4,4
P26,redandblack,face,L1,4
P26,redandblack,face,L3,4
P26,soldier,face,L2,3
P26,longdress,center,L2,3
P26,loot,center,L4,4
P26,longdress,center,L3,3
P26,loot,center,L3,4
P26,longdress,face,L3,5
P26,redandblack,center,L4,4
P26,soldier,center,L3,3
P26,loot,face,L1,2
P26,longdress,center,L4,3
P26,soldier,center,L4,4
P26,redandblack,face,L2,4
P26,loot,face,L2,4
P26,soldier,face,L3,4
P26,longdress,face,L1,3
P26,redandblack,center,L3,4
P26,loot,center,L2,2
P26,longdress,face,L2,4
P26,longdress,center,L1,1
P26,soldier,center,L2,1
P26,loot,face,L3,5
P26,redandblack,center,L1,2
P26,longdress,face,L4,5
P26,redandblack,center,L2,2
P26,soldier,face,L4,4
P26,redandblack,face,L4,4
P26,soldier,face,L1,3
P26,loot,center,L1,1
P26,soldier,center,L1,1
P26,loot,face,L4,5
P27,loot,face,L3,5
P27,loot,center,L3,5
P27,longdress,face,L3,4
P27,redandblack,face,L1,2
P27,soldier,face,L2,3
P27,loot,center,L2,2
P27,loot,center,L1,1
P27,longdress,center,L1,1
P27,redandblack,center,L3,3
P27,redandblack,center,L4,5
P27,soldier,face,L3,4
P27,longdress,center,L3,4
P27,soldier,face,L1,1
P27,redandblack,face,L3,4
P27,redandblack,face,L4,4
P27,longdress,face,L4,4
P27,longdress,face,L1,1
P27,soldier,center,L2,1
P27,longdress,face,L2,2
P27,soldier,center,L4,3
P27,redandblack,center,L2,2
P27,loot,center,L4,5
P27,loot,face,L4,4
P27,soldier,center,L3,2
P27,redandblack,face,L2,2
P27,longdress,center,L2,1
P27,loot,face,L2,2
P27,soldier,face,L4,3
P27,soldier,center,L1,1
P27,loot,face,L1,1
P27,redandblack,center,L1,1
P27,longdress,center,L4,4
P28,soldier,center,L1,2
P28,loot,center,L1,2
P28,longdress,center,L3,4
P28,redandblack,center,L1,1
P28,longdress,face,L1,3
P28,loot,face,L3,5
P28,redandblack,face,L4,5
P28,soldier,face,L1,2
P28,loot,face,L1,2
P28,redandblack,face,L3,5
P28,soldier,center,L4,5
P28,soldier,face,L4,5
P28,loot,face,L2,3
P28,redandblack,center,L2,2
P28,loot,center,L4,5
P28,longdress,face,L4,5
P28,redandblack,center,L3,5
P28,redandblack,center,L4,4
P28,longdress,center,L2,1
P28,redandblack,face,L1,1
P28,soldier,face,L3,5
P28,redandblack,face,L2,2
P28,longdress,center,L1,1
P28,soldier,center,L3,2
P28,longdress,face,L3,5
P28,loot,center,L2,1
P28,longdress,center,L4,5
P28,loot,center,L3,5
P28,longdress,face,L2,4
P28,soldier,face,L2,4
P28,soldier,center,L2,1
P28,loot,face,L4,5
P29,soldier,face,L3,4
P29,redandblack,face,L3,4
P29,redandblack,center,L3,4
P29,loot,center,L2,3
P29,longdress,face,L4,5
P29,redandblack,face,L2,4
P29,longdress,face,L1,2
P29,soldier,face,L2,3
P29,redandblack,center,L4,5
P29,longdress,center,L3,3
P29,loot,face,L2,3
P29,redandblack,face,L4,5
P29,soldier,center,L2,2
P29,loot,center,L4,5
P29,redandblack,face,L1,2
P29,longdress,face,L3,5
P29,soldier,center,L3,3
P29,longdress,center,L2,1
P29,longdress,center,L4,4
P29,redandblack,center,L2,2
P29,longdress,face,L2,3
P29,loot,center,L3,4
P29,redandblack,center,L1,1
P29,loot,face,L3,4
P29,soldier,center,L4,3
P29,loot,face,L1,1
P29,soldier,face,L4,3
P29,longdress,center,L1,1
P29,soldier,face,L1,1
P29,loot,center,L1,1
P29,soldier,center,L1,1
P29,loot,face,L4,5
P30,soldier,face,L1,1
P30,longdress,face,L2,3
P30,soldier,center,L4,3
P30,loot,center,L2,1
P30,soldier,face,L2,1
P30,longdress,center,L3,2
P30,redandblack,face,L3,3
P30,longdress,face,L3,4
P30,redandblack,center,L2,2
P30,loot,face,L2,3
P30,soldier,face,L3,4
P30,longdress,center,L1,1
P30,longdress,center,L4,3
P30,redandblack,center,L1,1
P30,soldier,center,L3,3
P30,redandblack,face,L4,5
P30,loot,center,L1,1
P30,loot,face,L4,5
P30,loot,center,L4,4
P30,longdress,center,L2,1
P30,loot,face,L1,1
P30,soldier,center,L2,1
P30,redandblack,face,L1,2
P30,longdress,face,L4,2
P30,soldier,center,L1,1
P30,redandblack,center,L3,3
P30,loot,center,L3,3
P30,longdress,face,L1,1
P30,soldier,face,L4,3
P30,redandblack,face,L2,2
P30,loot,face,L3,4
P30,redandblack,center,L4,3
P31,soldier,face,L1,3
P31,loot,face,L1,3
P31,longdress,face,L4,5
P31,soldier,center,L1,2
P31,redandblack,face,L2,2
P31,soldier,face,L3,4
P31,loot,center,L4,4
P31,soldier,center,L3,4
P31,loot,face,L4,4
P31,soldier,center,L4,4
P31,longdress,center,L3,4
P31,longdress,face,L3,5
P31,loot,face,L3,4
P31,redandblack,center,L1,3
P31,loot,center,L2,4
P31,longdress,center,L1,2
P31,soldier,center,L2,3
P31,loot,center,L1,2
P31,soldier,face,L2,4
P31,redandblack,face,L3,4
P31,soldier,face,L4,5
P31,redandblack,face,L1,5
P31,loot,face,L2,4
P31,longdress,face,L2,4
P31,loot,center,L3,4
P31,redandblack,center,L4,5
P31,redandblack,center,L2,4
P31,longdress,center,L2,4
P31,redandblack,center,L3,3
P31,longdress,center,L4,4
P31,longdress,face,L1,3
P31,redandblack,face,L4,5
P32,soldier,center,L1,1
P32,redandblack,face,L2,3
P32,loot,face,L3,4
P32,soldier,center,L2,2
P32,longdress,center,L3,2
P32,soldier,face,L3,3
P32,redandblack,face,L4,5
P32,soldier,face,L4,4
P32,longdress,face,L3,5
P32,soldier,face,L1,2
P32,redandblack,face,L1,2
P32,longdress,center,L4,5
P32,loot,face,L1,1
P32,longdress,face,L1,2
P32,loot,center,L2,3
P32,longdress,face,L4,4
P32,loot,face,L4,5
P32,soldier,center,L4,4
P32,redandblack,face,L3,4
P32,loot,center,L3,4
P32,loot,center,L4,5
P32,redandblack,center,L3,5
P32,longdress,face,L2,3
P32,redandblack,center,L1,1
P32,soldier,center,L3,3
P32,loot,center,L1,2
P32,longdress,center,L2,2
P32,redandblack,center,L4,5
P32,longdress,center,L1,1
P32,redandblack,center,L2,3
P32,loot,face,L2,3
P32,soldier,face,L2,4
P33,redandblack,center,L3,4
P33,redandblack,center,L2,1
P33,soldier,center,L3,2
P33,longdress,center,L3,1
P33,redandblack,face,L4,3
P33,longdress,center,L2,1
P33,loot,face,L1,1
P33,longdress,face,L2,2
P33,loot,face,L2,2
P33,soldier,center,L4,3
P33,redandblack,face,L2,3
P33,loot,center,L3,4
P33,redandblack,face,L3,5
P33,longdress,face,L4,3
P33,soldier,face,L3,3
P33,loot,center,L2,2
P33,soldier,face,L2,2
P33,loot,center,L4,4
P33,loot,center,L1,1
P33,longdress,face,L1,1
P33,redandblack,face,L1,1
P33,longdress,center,L4,2
P33,loot,face,L4,4
P33,soldier,center,L1,1
P33,longdress,center,L1,1
P33,loot,face,L3,4
P33,redandblack,center,L4,5
P33,soldier,face,L1,2
P33,redandblack,center,L1,1
P33,soldier,center,L2,1
P33,longdress,face,L3,4
P33,soldier,face,L4,4
P34,redandblack,center,L2,4
P34,redandblack,center,L3,5
P34,longdress,center,L1,2
P34,redandblack,center,L4,5
P34,longdress,center,L2,3
P34,loot,center,L2,4
P34,soldier,center,L4,5
P34,longdress,face,L4,5
P34,soldier,face,L4,5
P34,redandblack,face,L3,5
P34,loot,center,L4,5
P34,longdress,face,L3,5
P34,soldier,center,L1,1
P34,loot,center,L1,2
P34,loot,face,L1,2
P34,soldier,face,L1,4
P34,redandblack,face,L4,5
P34,loot,face,L2,4
P34,longdress,face,L1,3
P34,longdress,center,L3,4
P34,redandblack,face,L1,4
P34,longdress,face,L2,5
P34,loot,face,L3,5
P34,redandblack,face,L2,5
P34,soldier,center,L3,5
P34,longdress,center,L4,5
P34,soldier,face,L3,5
P34,loot,center,L3,5
P34,soldier,center,L2,3
P34,redandblack,center,L1,1
P34,soldier,face,L2,4
P34,loot,face,L4,5
P35,longdress,center,L2,3
P35,soldier,center,L4,4
P35,soldier,face,L1,2
P35,redandblack,center,L4,4
P35,redandblack,center,L1,2
P35,soldier,face,L2,3
P35,loot,center,L2,3
P35,loot,center,L3,4
P35,longdress,center,L3,4
P35,soldier,face,L4,4
P35,redandblack,face,L1,3
P35,soldier,center,L2,2
P35,loot,face,L2,2
P35,redandblack,center,L2,3
P35,loot,face,L4,4
P35,soldier,center,L3,3
P35,loot,center,L1,1
P35,longdress,center,L1,1
P35,redandblack,face,L2,3
P35,loot,face,L3,4
P35,soldier,face,L3,3
P35,loot,center,L4,4
P35,redandblack,center,L3,4
P35,longdress,face,L1,2
P35,longdress,center,L4,4
P35,longdress,face,L3,4
P35,soldier,center,L1,1
P35,longdress,face,L4,4
P35,redandblack,face,L3,4
P35,loot,face,L1,2
P35,redandblack,face,L4,4
P35,longdress,face,L2,3
P36,loot,face,L4,4
P36,redandblack,center,L2,5
P36,loot,center,L1,2
P36,longdress,face,L4,5
P36,soldier,face,L2,4
P36,soldier,center,L2,1
P36,longdress,center,L1,1
P36,redandblack,center,L4,2
P36,soldier,center,L1,1
P36,redandblack,face,L4,5
P36,longdress,face,L3,4
P36,loot,face,L2,4
P36,redandblack,center,L3,5
P36,loot,center,L4,5
P36,loot,face,L3,4
P36,soldier,center,L3,3
P36,redandblack,face,L2,4
P36,loot,center,L2,2
P36,soldier,center,L4,3
P36,redandblack,center,L1,2
P36,longdress,center,L4,3
P36,redandblack,face,L1,2
P36,longdress,center,L3,2
P36,soldier,face,L4,4
P36,loot,center,L3,5
P36,redandblack,face,L3,5
P36,longdress,face,L2,4
P36,soldier,face,L1,2
P36,longdress,face,L1,2
P36,soldier,face,L3,3
P36,loot,face,L1,3
P36,longdress,center,L2,2
